,City Name,Lat,Lon,Max Temperature,Humidity,Cloudiness,Wind Speed,Country,Date
0,Busselton,-33.65,115.3333,66.99,73,45,3.0,AU,1614298115
1,Bubaque,11.2833,-15.8333,76.62,69,0,14.88,GW,1614298148
2,Jamestown,42.097,-79.2353,26.6,63,1,4.61,US,1614298127
3,Atuona,-9.8,-139.0333,80.33,79,3,12.24,PF,1614298151
4,Hobart,-42.8794,147.3294,63.0,82,75,14.97,AU,1614298092
5,Nantucket,41.2835,-70.0995,37.4,60,1,6.91,US,1614298153
6,Namatanai,-3.6667,152.4333,83.48,74,91,4.38,PG,1614298037
7,Son La,21.3167,103.9,60.78,69,16,1.19,VN,1614297868
8,Dunedin,-45.8742,170.5036,59.0,84,74,21.99,NZ,1614297903
9,Kuna,43.4918,-116.4201,41.0,45,1,17.27,US,1614297886
10,Havelock,34.8791,-76.9013,51.01,57,40,10.36,US,1614298160
11,Bluff,-46.6,168.3333,64.0,69,96,4.0,NZ,1614298161
12,Punta Arenas,-53.15,-70.9167,53.01,76,90,13.8,CL,1614298037
13,Yellowknife,62.456,-114.3525,-23.01,51,20,10.36,CA,1614297879
14,Rikitea,-23.1203,-134.9692,76.8,88,100,23.82,PF,1614298164
15,Hermanus,-34.4187,19.2345,63.0,85,40,12.64,ZA,1614297899
16,Shenjiamen,29.9576,122.298,51.55,94,100,20.65,CN,1614298167
17,La Ronge,55.1001,-105.2842,23.0,68,100,3.44,CA,1614298042
18,Dikson,73.5069,80.5464,-20.22,97,61,9.48,RU,1614298170
19,Port Elizabeth,-33.918,25.5701,64.4,94,75,6.91,ZA,1614298117
20,Bredasdorp,-34.5322,20.0403,62.6,88,26,3.44,ZA,1614298172
21,Nsunga,-1.1439,31.3947,65.07,74,17,1.92,TZ,1614298174
22,Kisesa,-3.0833,34.15,63.01,77,50,4.92,TZ,1614298175
23,Ushuaia,-54.8,-68.3,44.6,65,75,25.32,AR,1614298142
24,Waingapu,-9.6567,120.2641,80.2,79,54,3.6,ID,1614298177
25,Lesosibirsk,58.2358,92.4828,-8.0,88,100,7.02,RU,1614298179
26,Milledgeville,33.0801,-83.2321,66.0,52,6,3.2,US,1614298094
27,Uray,60.1247,64.7758,-20.79,99,54,1.9,RU,1614298181
28,Puerto Ayora,-0.7393,-90.3518,80.01,90,79,5.01,EC,1614298182
29,Mataura,-46.1927,168.8643,64.0,69,96,4.0,NZ,1614297813
30,New Norfolk,-42.7826,147.0587,63.0,59,65,3.0,AU,1614298102
31,Kyabé,9.4515,18.9449,77.63,19,8,5.73,TD,1614298186
32,Sompeta,18.9333,84.6,73.53,48,0,7.4,IN,1614298187
33,Barrow,71.2906,-156.7887,-23.8,76,1,8.05,US,1614298188
34,Norman Wells,65.282,-126.8329,-16.6,63,20,3.44,CA,1614298190
35,Katsuura,35.1333,140.3,51.01,35,100,3.0,JP,1614298191
36,Vila Velha,-20.3297,-40.2925,78.01,88,20,4.61,BR,1614297957
37,Aberdeen,57.1437,-2.0981,39.2,75,17,4.61,GB,1614298124
38,Khatanga,71.9667,102.5,-34.71,78,0,6.71,RU,1614298195
39,Tiksi,71.6872,128.8694,-19.16,86,100,4.32,RU,1614298196
40,Upernavik,72.7868,-56.1549,6.15,76,2,7.0,GL,1614298198
41,Nadym,65.5333,72.5167,-10.53,98,90,5.26,RU,1614298199
42,Port Hardy,50.6996,-127.4199,44.6,76,75,12.66,CA,1614298201
43,Torbay,47.6666,-52.7314,39.2,93,90,20.71,CA,1614298202
44,Vaini,-21.2,-175.2,82.4,69,20,9.22,TO,1614298203
45,Hilo,19.7297,-155.09,77.0,65,20,10.36,US,1614298030
46,Lebu,-37.6167,-73.65,57.9,91,57,17.0,CL,1614298206
47,Kolondiéba,11.0882,-6.8926,75.31,17,0,7.0,ML,1614298207
48,Maraã,-1.8333,-65.3667,77.31,88,100,1.7,BR,1614298209
49,San Jose de Guanipa,8.8872,-64.1651,77.74,67,80,17.2,VE,1614298210
50,Haimen,23.1935,116.6142,64.4,88,75,6.71,CN,1614298211
51,Cidreira,-30.1811,-50.2056,73.99,74,5,11.83,BR,1614298213
52,Port Alfred,-33.5906,26.891,66.99,95,39,5.99,ZA,1614298214
53,Srednekolymsk,67.45,153.6833,-20.54,86,97,3.94,RU,1614298215
54,Khovd,48.0056,91.6419,17.46,62,64,13.27,MN,1614297920
55,George Town,5.4112,100.3354,75.2,88,20,2.3,MY,1614298219
56,Saint-Philippe,-21.3585,55.7679,78.8,61,90,5.75,RE,1614298220
57,Portel,-1.9356,-50.8211,75.43,94,93,4.34,BR,1614298222
58,Port Augusta,-32.5,137.7667,72.0,64,0,11.5,AU,1614298224
59,Luján,-34.5703,-59.105,80.01,60,0,8.05,AR,1614298226
60,Carnarvon,-24.8667,113.6333,73.4,88,75,16.11,AU,1614298229
61,Port Lincoln,-34.7333,135.8667,64.2,72,68,12.77,AU,1614298230
62,Roald,62.5833,6.1333,42.8,87,75,20.71,NO,1614298232
63,Turaif,31.6725,38.6637,44.6,76,0,4.61,SA,1614298233
64,Solone,48.2081,34.8721,33.8,93,100,8.95,UA,1614298114
65,Coyhaique,-45.5752,-72.0662,71.6,46,0,4.61,CL,1614298014
66,Hambantota,6.1241,81.1185,73.4,100,20,2.3,LK,1614298237
67,Thompson,55.7435,-97.8558,24.8,74,90,3.44,CA,1614298239
68,Hammerfest,70.6634,23.6821,35.6,93,75,18.41,NO,1614298197
69,Tuatapere,-46.1333,167.6833,64.0,69,100,4.0,NZ,1614298241
70,Jiangyin,31.9282,120.3126,46.0,99,100,3.0,CN,1614298242
71,Tual,-5.6667,132.75,83.43,75,100,13.51,ID,1614298014
72,Saint George,37.1041,-113.5841,54.0,16,1,0.78,US,1614297964
73,Annau,37.8876,58.516,19.4,63,0,6.91,TM,1614298246
74,Butaritari,3.0707,172.7902,81.64,81,72,17.31,KI,1614298248
75,Daru,-9.0763,143.2092,81.39,78,97,9.24,PG,1614298210
76,Ulladulla,-35.35,150.4667,71.6,64,40,4.61,AU,1614298250
77,Cape Town,-33.9258,18.4232,68.0,60,0,29.93,ZA,1614298086
78,Lundamo,63.1333,10.3,39.0,93,75,4.61,NO,1614298253
79,Bathsheba,13.2167,-59.5167,77.0,69,40,18.41,BB,1614298254
80,Lima,-12.0432,-77.0282,73.0,78,0,3.44,PE,1614298063
81,Gorin,51.1983,136.6669,5.38,93,100,2.39,RU,1614298257
82,Diébougou,10.9667,-3.25,74.16,17,3,5.95,BF,1614298258
83,High Level,58.5169,-117.136,-4.0,77,90,14.97,CA,1614298260
84,Ilulissat,69.2167,-51.1,8.6,72,80,3.44,GL,1614298262
85,Saskylakh,71.9167,114.0833,-32.4,79,0,7.4,RU,1614298263
86,Mar del Plata,-38.0023,-57.5575,71.01,83,0,3.44,AR,1614297980
87,Ribeira Grande,38.5167,-28.7,59.99,85,100,24.79,PT,1614298266
88,Gemeente Wageningen,51.9667,5.6667,48.0,81,90,4.61,NL,1614298267
89,Los Llanos de Aridane,28.6585,-17.9182,60.8,63,75,14.97,ES,1614298268
90,Athabasca,54.7169,-113.2854,39.2,65,69,12.66,CA,1614298270
91,Kodino,63.7198,39.6447,11.34,96,100,7.7,RU,1614298271
92,Codrington,-38.2667,141.9667,60.26,56,98,8.88,AU,1614297973
93,Touho,-20.7833,165.2333,81.48,76,10,15.79,NC,1614298274
94,Madang,-5.2246,145.7966,81.7,84,100,5.75,PG,1614298275
95,Chokurdakh,70.6333,147.9167,-25.47,97,93,2.93,RU,1614298276
96,Kapaa,22.0752,-159.319,75.2,73,75,18.41,US,1614298278
97,Avera,33.194,-82.5271,66.2,45,1,4.85,US,1614298279
98,Aquiraz,-3.9014,-38.3911,82.4,78,40,8.05,BR,1614298281
99,Tasiilaq,65.6145,-37.6368,28.4,74,90,31.07,GL,1614298282
100,Fort Saint James,54.4333,-124.25,35.58,86,100,5.14,CA,1614298283
101,Bambous Virieux,-20.3428,57.7575,78.01,83,40,2.3,MU,1614298285
102,Crawley,51.113,-0.1831,41.0,81,0,3.44,GB,1614298286
103,College,64.8569,-147.8028,9.0,78,90,6.91,US,1614298288
104,Mossamedes,-15.1961,12.1522,73.53,68,97,6.78,AO,1614298289
105,Pangnirtung,66.1451,-65.7125,-5.8,84,90,6.91,CA,1614298291
106,San Jorge,-31.8962,-61.8598,78.01,58,0,8.81,AR,1614298292
107,Arraial do Cabo,-22.9661,-42.0278,76.77,88,76,4.47,BR,1614298294
108,Altoona,40.5187,-78.3947,35.6,51,1,6.91,US,1614298295
109,Cayenne,4.9333,-52.3333,77.0,94,75,3.44,GF,1614298296
110,Krasnosel'kup,65.7,82.4667,-34.69,82,0,6.44,RU,1614298298
111,Cherskiy,68.75,161.3,-25.02,85,97,6.26,RU,1614298299
112,Cefalù,38.0386,14.0229,50.0,82,0,3.0,IT,1614298301
113,Talnakh,69.4865,88.3972,-21.01,86,100,0.67,RU,1614298303
114,Isangel,-19.55,169.2667,86.0,70,40,8.05,VU,1614298304
115,Adrar,20.5022,-10.0711,63.59,19,0,10.11,MR,1614298045
116,Haines Junction,60.7522,-137.5108,26.6,68,100,18.41,CA,1614298307
117,Kumul,42.8,93.45,35.53,66,100,14.74,CN,1614298309
118,Avarua,-21.2078,-159.775,82.4,78,75,8.05,CK,1614298310
119,Kiryat Gat,31.61,34.7642,53.01,100,0,1.99,IL,1614298312
120,Camacha,33.0833,-16.3333,57.2,67,40,17.27,PT,1614298313
121,Diplo,24.4667,69.584,66.27,85,0,8.84,PK,1614298315
122,Øksfjord,70.2396,22.3479,37.0,69,20,8.05,NO,1614298316
123,Clyde River,70.4692,-68.5914,-7.6,77,90,20.71,CA,1614298319
124,Glushkovo,51.3392,34.6328,36.88,98,100,8.3,RU,1614298320
125,Malanje,-9.5402,16.341,63.5,98,100,4.47,AO,1614298322
126,East London,-33.0153,27.9116,66.87,78,37,6.24,ZA,1614298101
127,Acapulco de Juárez,16.8634,-99.8901,80.6,74,1,9.22,MX,1614298325
128,Eyl,7.9803,49.8164,76.32,79,87,10.78,SO,1614298327
129,La Rioja,42.25,-2.5,46.99,93,100,1.01,ES,1614298329
130,Fortuna,40.5982,-124.1573,51.01,100,90,11.5,US,1614298330
131,Nanortalik,60.1432,-45.2371,29.08,70,100,5.26,GL,1614298331
132,Saint Anthony,45.0205,-93.218,35.6,60,0,9.22,US,1614298333
133,Sikandarpur,26.05,84.05,61.16,35,0,7.76,IN,1614298093
134,Río Gallegos,-51.6226,-69.2181,57.2,62,75,12.66,AR,1614298335
135,Paraopeba,-19.2757,-44.4033,77.0,73,0,9.22,BR,1614298337
136,Muhafazat Lahij,13.1667,44.5833,68.79,80,5,0.07,YE,1614298339
137,Provideniya,64.3833,-173.3,-0.4,65,0,8.95,RU,1614298340
138,Esperance,-33.8667,121.9,62.6,77,90,17.27,AU,1614298341
139,Dehlorān,32.6941,47.2679,54.39,51,0,3.74,IR,1614298342
140,Mabaruma,8.2,-59.7833,75.0,85,52,5.37,GY,1614298344
141,Faya,18.3851,42.4509,55.4,94,0,1.92,SA,1614298345
142,Bud,39.447,-86.1758,41.0,62,67,5.21,US,1614298347
143,Saint Paul Harbor,57.79,-152.4072,42.8,49,1,18.41,US,1614298056
144,Ginda,30.6945,78.4932,49.68,37,0,7.47,IN,1614298350
145,Bengkulu,-3.8004,102.2655,75.63,84,99,5.93,ID,1614298339
146,Longyearbyen,78.2186,15.6401,28.4,93,75,8.05,SJ,1614298352
147,Saldanha,-33.0117,17.9442,64.4,72,0,14.97,ZA,1614298353
148,Zhigansk,66.7697,123.3711,-33.86,83,82,2.64,RU,1614298355
149,Severo-Kuril'sk,50.6789,156.125,22.91,91,69,12.55,RU,1614298356
150,Ancud,-41.8697,-73.8203,66.2,63,0,2.3,CL,1614298358
151,Hualmay,-11.0964,-77.6139,71.78,78,17,5.5,PE,1614298360
152,Gravdal,68.1214,13.5031,39.15,86,85,11.45,NO,1614298361
153,Pisco,-13.7,-76.2167,73.4,73,0,16.11,PE,1614298362
154,Hong Kong,22.2855,114.1577,71.01,89,70,6.29,HK,1614298140
155,Prabumulih,-3.45,104.25,73.31,98,98,3.11,ID,1614298365
156,Atakent,40.8464,68.5067,20.84,81,16,4.68,KZ,1614298366
157,Jagdalpur,19.0667,82.0333,60.8,31,0,0.49,IN,1614298369
158,Villanueva de la Serena,38.9766,-5.7974,52.0,86,100,3.0,ES,1614298370
159,Viedma,-40.8135,-62.9967,69.73,56,0,14.9,AR,1614298348
160,Muisne,0.6,-80.0333,77.04,86,99,9.19,EC,1614298373
161,Laguna,38.421,-121.4238,64.4,20,1,4.61,US,1614298374
162,Okhotsk,59.3833,143.3,-3.1,80,7,12.46,RU,1614298375
163,Wenling,28.3669,121.36,60.01,84,100,12.73,CN,1614298376
164,Sadove,46.2487,30.1795,41.0,93,38,7.34,UA,1614298378
165,Albany,42.6001,-73.9662,33.01,62,0,1.01,US,1614298276
166,Takoradze,4.8845,-1.7554,80.33,84,65,12.86,GH,1614298380
167,Terrace Bay,48.7834,-87.1,19.4,68,86,4.61,CA,1614298382
168,Knysna,-34.0363,23.0471,62.6,88,75,3.44,ZA,1614298383
169,Sitka,57.0531,-135.33,41.0,65,75,23.02,US,1614298384
170,Graham,47.0529,-122.2943,43.0,93,75,11.5,US,1614298098
171,Laas,46.6166,10.7002,44.01,80,0,8.05,IT,1614298387
172,Iguguno,-4.5697,34.6275,62.19,89,47,4.09,TZ,1614298388
173,São Filipe,14.8961,-24.4956,71.62,72,0,7.29,CV,1614298390
174,Kavaratti,10.5669,72.642,81.25,77,5,12.1,IN,1614298113
175,Leningradskiy,69.3833,178.4167,-21.35,84,75,2.55,RU,1614298013
176,Bandarbeyla,9.4942,50.8122,77.09,76,68,11.05,SO,1614298394
177,Faanui,-16.4833,-151.75,82.8,74,16,13.42,PF,1614298396
178,Souillac,-20.5167,57.5167,77.0,83,40,2.3,MU,1614298399
179,Ayorou,14.7308,0.9174,69.78,20,0,11.23,NE,1614298400
180,Kahului,20.8947,-156.47,84.2,39,40,32.21,US,1614298401
181,Saýat,38.7839,63.8803,12.2,67,30,4.61,TM,1614298403
182,Olinda,-8.0089,-34.8553,78.8,73,20,6.91,BR,1614298404
183,Eldorado,-23.7869,-54.2836,74.28,79,2,2.06,BR,1614298138
184,Mitsamiouli,-11.3847,43.2844,81.84,78,27,6.42,KM,1614298407
185,Fallon,39.4735,-118.7774,44.6,21,20,5.75,US,1614298400
186,Inta,66.0317,60.1659,-1.55,90,100,7.61,RU,1614298409
187,Alexandria,31.2156,29.9553,59.0,67,0,5.75,EG,1614298304
188,Inhambane,-23.865,35.3833,72.14,85,9,5.3,MZ,1614298412
189,Praia da Vitória,38.7333,-27.0667,60.01,88,40,26.24,PT,1614298414
190,Chui,-33.6971,-53.4616,66.15,76,0,5.3,UY,1614298415
191,Portland,45.5234,-122.6762,46.4,71,90,6.91,US,1614297911
192,Hervey Bay,-25.2986,152.8535,87.01,57,40,6.91,AU,1614298418
193,Tuktoyaktuk,69.4541,-133.0374,-36.4,67,20,1.19,CA,1614298419
194,Mudgee,-32.5943,149.5871,75.2,69,3,5.75,AU,1614298421
195,Ostrovnoy,68.0531,39.5131,14.05,90,100,22.08,RU,1614298422
196,Yulara,-25.2406,130.9889,75.2,20,71,12.66,AU,1614298424
197,Lancaster,40.2504,-76.2499,41.0,38,1,6.29,US,1614298425
198,Hofn,64.2539,-15.2082,39.56,84,100,6.26,IS,1614298427
199,Caravelas,-17.7125,-39.2481,77.94,82,68,8.57,BR,1614298428
200,Bognor Regis,50.7821,-0.6798,42.01,89,32,9.51,GB,1614298430
201,Yar-Sale,66.8333,70.8333,-7.24,91,98,3.87,RU,1614298431
202,Miguel Alves,-4.1656,-42.8953,74.95,97,95,3.31,BR,1614298432
203,Killarney,52.05,-9.5167,40.39,89,20,4.5,IE,1614298434
204,Goderich,43.7501,-81.7165,28.4,64,76,9.22,CA,1614298435
205,Pringsewu,-5.3582,104.9744,74.07,94,100,2.57,ID,1614298437
206,Najrān,17.4924,44.1277,66.2,42,0,6.91,SA,1614298438
207,Belmonte,-15.8631,-38.8828,78.8,73,20,8.05,BR,1614298440
208,Maţāy,28.419,30.7792,52.77,83,0,8.95,EG,1614298441
209,San Andrés,12.5847,-81.7006,80.6,74,40,12.66,CO,1614298156
210,Clonakilty,51.6231,-8.8706,39.0,100,20,4.61,IE,1614298444
211,Tahe,52.3333,124.7333,-6.84,87,17,2.39,CN,1614298446
212,Bāglung,28.2719,83.5898,55.58,38,0,5.26,NP,1614298448
213,Deputatsky,69.3,139.9,-30.17,79,32,1.79,RU,1614298449
214,Hokitika,-42.7167,170.9667,65.8,89,51,11.21,NZ,1614298451
215,Naumburg,51.15,11.8167,48.99,64,15,1.01,DE,1614298452
216,Luanda,-8.8368,13.2343,77.0,88,75,5.73,AO,1614298453
217,Storforshei,66.4043,14.5233,37.0,94,100,1.01,NO,1614298100
218,Sarkand,45.41,79.9186,1.13,72,6,4.25,KZ,1614298457
219,Călăraşi,47.2544,28.3081,43.0,93,0,3.44,MD,1614298458
220,San Cristobal,7.7669,-72.225,82.4,69,40,2.3,VE,1614298319
221,Chapais,49.7834,-74.8492,-0.4,65,40,4.61,CA,1614298461
222,Dalmatovo,56.26,62.9362,-13.31,90,87,4.5,RU,1614298462
223,Rome,43.2128,-75.4557,26.6,59,1,5.75,US,1614298337
224,Bartica,6.4,-58.6167,78.8,89,75,6.91,GY,1614298465
225,Richards Bay,-28.783,32.0377,69.49,82,64,6.91,ZA,1614298029
226,Hithadhoo,-0.6,73.0833,82.38,74,14,9.89,MV,1614298469
227,Valparaíso,-33.0393,-71.6273,64.0,77,0,3.44,CL,1614298343
228,Bokovskaya,49.229,41.8306,33.12,95,100,12.86,RU,1614298472
229,Córdoba,-31.4135,-64.1811,79.0,94,0,5.75,AR,1614298456
230,Brae,60.3964,-1.353,44.6,81,75,23.02,GB,1614298474
231,Kerman,30.2832,57.0788,30.2,100,90,4.61,IR,1614298390
232,Longonjo,-12.9067,15.2533,62.96,65,99,3.11,AO,1614298476
233,Santa Pola,38.1917,-0.5658,57.2,72,75,8.05,ES,1614298478
234,Ponta do Sol,32.6667,-17.1,55.0,54,1,4.0,PT,1614298479
235,San Juan,-31.5375,-68.5364,87.28,37,0,9.17,AR,1614298283
236,Moose Factory,51.2585,-80.6094,8.6,65,1,4.18,CA,1614298482
237,Nikolskoye,59.7035,30.7861,41.0,93,90,8.95,RU,1614298483
238,Vestmannaeyjar,63.4427,-20.2734,45.52,94,100,26.66,IS,1614298485
239,Dongsheng,39.8161,109.9776,31.33,88,60,13.89,CN,1614298486
240,Grindavik,63.8424,-22.4338,42.8,100,90,27.63,IS,1614298488
241,Japura,-0.3167,102.35,73.44,95,73,4.45,ID,1614298489
242,Santa Lucía,27.9117,-15.5407,63.0,55,75,16.11,ES,1614298491
243,Lagos,6.5833,3.75,81.68,80,90,5.37,NG,1614298337
244,Kruisfontein,-34.0033,24.7314,63.0,94,52,1.99,ZA,1614298493
245,Jining,35.405,116.5814,36.23,83,100,5.44,CN,1614298494
246,San Patricio,28.017,-97.5169,73.4,78,90,25.32,US,1614298496
247,North Bend,43.4065,-124.2243,50.0,76,90,11.5,US,1614298497
248,Kamaishi,39.2667,141.8833,37.4,60,40,9.22,JP,1614298499
249,Soria,41.6667,-2.6667,41.0,87,100,4.03,ES,1614298500
250,Vredendal,-31.6683,18.5012,62.65,65,0,3.8,ZA,1614298501
251,Aswān,24.0934,32.907,55.11,52,0,5.23,EG,1614298213
252,Sehithwa,-20.4667,22.7167,68.72,90,100,9.84,BW,1614298504
253,Mahébourg,-20.4081,57.7,77.0,83,40,2.3,MU,1614298505
254,Tiarei,-17.5333,-149.3333,91.4,62,20,6.91,PF,1614298507
255,Kaili,-3.4626,120.2147,72.48,80,100,1.21,ID,1614298509
256,Qaanaaq,77.484,-69.3632,12.56,87,98,3.56,GL,1614298119
257,Basco,20.4487,121.9702,76.69,89,62,5.66,PH,1614298511
258,Aksarka,66.5606,67.7975,-11.34,90,80,5.14,RU,1614298513
259,Vieques,18.425,-65.8329,77.0,69,20,12.66,PR,1614298455
260,Luoyang,34.6836,112.4536,38.34,85,100,2.59,CN,1614298516
261,Port Montt,-41.4698,-72.9447,62.6,67,0,5.75,CL,1614298290
262,Antofagasta,-23.65,-70.4,66.2,77,20,9.22,CL,1614298338
263,Yatou,37.15,122.3833,40.26,70,99,14.61,CN,1614298520
264,Charters Towers,-20.1,146.2667,75.34,80,100,6.85,AU,1614298521
265,Seabra,-12.4186,-41.7703,67.89,87,11,2.8,BR,1614298523
266,Makakilo City,21.3469,-158.0858,84.2,48,75,12.66,US,1614298524
267,Tambacounda,13.7539,-13.7586,84.2,28,0,9.22,SN,1614298526
268,Half Moon Bay,37.4636,-122.4286,62.6,67,1,13.8,US,1614298527
269,Tiznit Province,29.5833,-9.5,53.55,90,82,5.75,MA,1614298529
270,Maragogi,-9.0122,-35.2225,78.35,81,3,6.93,BR,1614298386
271,Khorixas,-20.3667,14.9667,63.95,58,0,4.32,NA,1614298531
272,Worthing,50.8145,-0.3713,41.0,3,25,8.72,GB,1614298533
273,Oussouye,12.485,-16.5469,75.2,78,0,4.61,SN,1614298534
274,Olafsvik,64.8945,-23.7142,37.9,93,100,28.01,IS,1614298535
275,Constitución,-35.3333,-72.4167,56.95,90,74,7.7,CL,1614298537
276,Burnie,-41.0667,145.9167,61.72,51,10,7.96,AU,1614298538
277,Klaksvík,62.2266,-6.589,42.8,81,40,13.8,FO,1614298540
278,Okato,-39.2,173.8833,75.99,68,85,3.0,NZ,1614298542
279,Inuvik,68.3499,-133.7218,-20.2,57,52,3.44,CA,1614298543
280,Egvekinot,66.3167,-179.1667,-19.28,84,6,10.8,RU,1614298544
281,Rio Grande,-32.035,-52.0986,70.75,72,0,8.23,BR,1614298506
282,Narragansett,41.4501,-71.4495,39.2,45,1,6.91,US,1614298547
283,Cockburn Town,21.4612,-71.1419,77.0,73,40,11.5,TC,1614298548
284,Qasigiannguit,68.8193,-51.1922,8.6,72,88,3.44,GL,1614298549
285,Vavuniya,8.7514,80.4971,68.4,98,20,2.24,LK,1614298551
286,Barabai,-2.5833,115.3833,78.44,81,58,0.43,ID,1614298552
287,Kudat,6.8837,116.8477,78.8,94,20,1.14,MY,1614298554
288,Mankato,44.1636,-93.9994,33.8,75,1,8.05,US,1614298434
289,Manakara,-22.1333,48.0167,75.27,89,55,4.41,MG,1614298556
290,Topchikha,52.8192,83.1185,-9.4,64,75,22.37,RU,1614298557
291,Nome,64.5011,-165.4064,1.4,85,1,3.44,US,1614298559
292,Buraidah,26.326,43.975,46.4,76,0,5.75,SA,1614298560
293,Rabo de Peixe,37.8,-25.5833,59.0,77,75,13.8,PT,1614298562
294,Lorengau,-2.0226,147.2712,84.13,76,100,10.74,PG,1614298563
295,Anadyr,64.75,177.4833,-22.0,76,40,6.71,RU,1614298565
296,Guerrero Negro,27.9769,-114.0611,76.68,19,33,7.07,MX,1614298566
297,Senneterre,48.3835,-77.2328,5.0,66,20,3.44,CA,1614298568
298,Te Anau,-45.4167,167.7167,64.67,51,100,0.78,NZ,1614298569
299,Mount Gambier,-37.8333,140.7667,62.6,51,90,9.22,AU,1614298570
300,Vostok,46.4856,135.8833,-3.42,93,100,3.38,RU,1614298572
301,Dalby,-27.1833,151.2667,80.6,54,40,8.05,AU,1614298573
302,Águas Formosas,-17.0822,-40.9358,72.86,89,85,2.26,BR,1614298575
303,Buy,58.4786,41.53,3.51,94,87,6.06,RU,1614298577
304,El Estor,15.5333,-89.35,80.6,54,40,11.5,GT,1614298578
305,San Carlos del Zulia,9.0,-71.9135,80.1,73,60,5.32,VE,1614298579
306,Paamiut,61.994,-49.6678,22.19,85,0,5.08,GL,1614298581
307,Avanigadda,16.0215,80.9181,71.6,94,13,3.13,IN,1614298582
308,Jiexiu,37.0244,111.9125,37.24,73,99,1.48,CN,1614298583
309,Teguise,29.0605,-13.564,60.8,55,20,1.14,ES,1614298585
310,Marawi,7.9986,124.2928,80.01,83,53,5.01,PH,1614298586
311,Kousséri,12.0769,15.0306,73.22,19,1,10.71,CM,1614298587
312,Itarema,-2.9248,-39.9167,78.91,84,17,10.16,BR,1614298589
313,Kidal,18.4411,1.4078,60.73,29,0,12.28,ML,1614298591
314,Iquique,-20.2208,-70.1431,71.6,60,0,9.22,CL,1614298592
315,Nishihara,26.1842,127.7558,71.6,88,75,8.05,JP,1614298593
316,Camocim,-2.9022,-40.8411,78.19,87,54,10.56,BR,1614298595
317,Manado,1.487,124.8455,80.6,89,20,1.14,ID,1614298596
318,Nagato,34.3833,131.2,44.6,93,75,11.5,JP,1614298598
319,Kavieng,-2.5744,150.7967,83.88,77,72,10.56,PG,1614298599
320,Quisqueya,18.5554,-69.4081,77.0,73,20,4.61,DO,1614298600
321,Minbu,20.1833,94.8833,64.6,74,2,0.47,MM,1614298602
322,Kärdla,58.9978,22.7492,37.0,90,100,15.01,EE,1614298603
323,Kirakira,-10.4544,161.9205,84.78,78,100,8.08,SB,1614298604
324,Umm Kaddadah,13.6017,26.6876,61.86,29,0,15.35,SD,1614298605
325,Grants Pass,42.439,-123.3284,57.2,38,20,13.8,US,1614298607
326,Vanderhoof,54.0166,-124.0198,35.74,83,100,9.8,CA,1614298506
327,Ambon City,-3.6954,128.1814,84.2,74,40,4.61,ID,1614298610
328,Doha,25.2867,51.5333,60.8,67,0,13.8,QA,1614298611
329,Shache,38.4167,77.2406,35.98,62,83,12.01,CN,1614298572
330,Nelson Bay,-32.7167,152.15,82.0,54,0,8.05,AU,1614298614
331,La Asuncion,11.0333,-63.8628,76.23,83,35,16.37,VE,1614298615
332,Rohri,27.6922,68.8951,71.26,33,3,6.8,PK,1614298616
333,Castro,-24.7911,-50.0119,62.74,96,11,8.72,BR,1614298617
334,Sarangani,5.4033,125.4636,82.06,75,71,11.01,PH,1614298619
335,Yerbogachën,61.2767,108.0108,-12.39,89,100,6.93,RU,1614298334
336,Oriximiná,-1.7656,-55.8661,77.97,87,52,2.08,BR,1614298622
337,Sampit,-2.5333,112.95,77.95,78,63,2.17,ID,1614298623
338,Salinópolis,-0.6136,-47.3561,78.4,87,100,12.46,BR,1614298624
339,Nabire,-3.3667,135.4833,84.81,66,90,0.67,ID,1614298575
340,Mirny,62.5353,113.9611,-27.45,86,80,8.28,RU,1614298627
341,Lüderitz,-26.6481,15.1594,67.89,59,0,20.45,NA,1614298628
342,Oskarshamn,57.2645,16.4484,42.01,79,84,11.01,SE,1614298630
343,Deyang,31.1302,104.382,55.99,96,82,2.46,CN,1614298632
344,Härnösand,62.6323,17.9379,35.01,93,59,2.3,SE,1614298633
345,Wajima,37.4,136.9,39.2,60,0,3.44,JP,1614298634
346,Teknāf,20.8624,92.3058,64.94,87,6,3.62,BD,1614298636
347,Bima,-8.4667,118.7167,80.62,83,59,1.36,ID,1614298637
348,Chuguyevka,44.1653,133.8633,5.76,91,95,4.81,RU,1614298639
349,Sturgis,41.7992,-85.4192,32.0,69,1,4.61,US,1614298640
350,Rocha,-34.4833,-54.3333,64.99,74,0,4.43,UY,1614298391
351,Kaitangata,-46.2817,169.8464,64.0,78,68,8.01,NZ,1614298642
352,Bratsk,56.1325,101.6142,-0.4,78,40,6.71,RU,1614298644
353,Husavik,66.0449,-17.3389,26.6,86,20,10.83,IS,1614298645
354,Pevek,69.7008,170.3133,-22.09,87,98,7.31,RU,1614298646
355,Slave Lake,55.2834,-114.769,32.0,80,90,14.97,CA,1614298510
356,Totness,5.8833,-56.3167,77.47,82,63,15.48,SR,1614298649
357,Bethel,41.3712,-73.414,42.8,26,1,10.36,US,1614298650
358,Meulaboh,4.1363,96.1285,75.33,87,89,4.09,ID,1614298652
359,Primo Tapia,32.22,-116.9172,71.6,26,1,8.05,MX,1614298653
360,Talara,-4.5772,-81.2719,73.76,83,30,10.22,PE,1614298407
361,Makkah al Mukarramah,21.4267,39.8261,66.78,42,12,5.44,SA,1614298656
362,Juneau,58.3019,-134.4197,33.8,86,90,3.44,US,1614298594
363,Grand Gaube,-20.0064,57.6608,78.01,76,3,5.01,MU,1614298659
364,Nuuk,64.1835,-51.7216,21.2,73,0,2.3,GL,1614298660
365,Leh,34.1667,77.5833,13.73,74,65,5.06,IN,1614298661
366,Cedral,23.8,-100.7333,75.38,19,98,14.25,MX,1614298663
367,Lac du Bonnet,50.2536,-96.0612,32.0,100,27,5.01,CA,1614298664
368,Ambilobe,-13.2,49.05,74.62,92,100,1.12,MG,1614298665
369,Fort Nelson,58.8053,-122.7002,3.2,72,75,8.05,CA,1614298667
370,Yangi Marg`ilon,40.4272,71.7189,21.2,53,75,4.61,UZ,1614298668
371,Shimoda,34.6667,138.95,51.8,62,75,8.05,JP,1614298669
372,Porto Santo,33.072,-16.3415,57.2,67,40,16.11,PT,1614298670
373,Poso,-1.3959,120.7524,84.0,72,78,2.8,ID,1614298672
374,Bondoukou,8.0333,-2.8,76.77,31,90,1.95,CI,1614298673
375,Palmer,42.1584,-72.3287,35.6,38,1,10.36,US,1614298674
376,Turukhansk,65.8167,87.9833,-29.47,86,33,5.82,RU,1614298676
377,Anan,33.9167,134.65,44.6,81,90,13.8,JP,1614298677
378,Kendari,-3.945,122.4989,79.27,87,100,2.13,ID,1614298678
379,Rudnaya Pristan',44.3614,135.8116,13.14,81,1,12.71,RU,1614298680
380,Solsona,41.994,1.5171,46.0,93,86,3.04,ES,1614298681
381,Illapel,-31.6308,-71.1653,67.73,61,79,2.26,CL,1614298572
382,Libertador General San Martín,-23.8064,-64.7876,77.67,71,50,2.73,AR,1614298683
383,Quatre Cocos,-20.2078,57.7625,78.01,83,40,2.3,MU,1614298685
384,Lavrentiya,65.5833,-171.0,-13.4,80,0,7.63,RU,1614298687
385,Narsaq,60.9167,-46.05,39.2,30,90,12.66,GL,1614298389
386,Chabahar,25.2919,60.643,73.89,70,0,6.17,IR,1614298690
387,Hasaki,35.7333,140.8333,45.0,49,75,6.91,JP,1614298691
388,Kontagora,10.3999,5.4695,77.09,18,21,5.41,NG,1614298446
389,Fort Frances,48.5999,-93.4003,30.0,59,1,4.61,CA,1614298621
390,Changping,40.2186,116.2197,39.99,86,0,4.47,CN,1614298695
391,Muaná,-1.5283,-49.2167,76.57,92,74,6.26,BR,1614298697
392,Waipawa,-41.4122,175.5153,70.0,94,90,9.22,NZ,1614298698
393,Ahipara,-35.1667,173.1667,74.17,56,2,3.36,NZ,1614298699
394,Poum,-20.2333,164.0167,82.81,71,82,10.51,NC,1614298700
395,Arrondissement de Saint-Denis,48.9167,2.3333,51.01,81,90,8.05,FR,1614298702
396,Ongandjera,-17.8833,15.0667,71.24,31,90,5.57,NA,1614298703
397,Koulikoro,14.0,-7.75,70.16,12,0,11.79,ML,1614298704
398,Teteven,42.9167,24.2667,46.99,67,0,2.33,BG,1614298706
399,Gaza,31.5,34.4667,53.01,100,0,3.0,PS,1614298707
400,Tsuyama,35.05,134.0,41.0,93,75,5.75,JP,1614298708
401,Cabo San Lucas,22.8909,-109.9124,78.01,49,40,8.05,MX,1614298709
402,San Policarpo,12.1791,125.5072,80.65,85,89,8.72,PH,1614298711
403,Lompoc,34.6391,-120.4579,62.6,36,20,12.66,US,1614298661
404,Hamilton,39.1834,-84.5333,41.0,56,75,10.36,US,1614298505
405,Neijiang,29.5835,105.0622,52.12,62,100,4.43,CN,1614298714
406,Mikumi,-7.4041,36.9831,68.95,90,3,2.44,TZ,1614298716
407,Bay Saint Louis,30.3088,-89.33,66.99,88,90,4.61,US,1614298717
408,Esim,4.8699,-2.2405,79.68,85,37,10.25,GH,1614298718
409,Yalvaç,38.2956,31.1778,32.0,94,1,5.75,TR,1614298720
410,Hua Hin,12.5707,99.9588,71.6,78,84,5.64,TH,1614298721
411,Chitral,35.8462,71.7858,44.78,60,100,5.1,PK,1614298722
412,Lakefield,43.6775,-95.1717,33.8,86,1,11.5,US,1614298724
413,Lākheri,25.6667,76.1667,65.37,35,0,4.56,IN,1614298725
414,Langxiang,46.95,128.8833,4.57,86,54,1.16,CN,1614298726
415,Matagami,49.7502,-77.6328,-0.81,92,100,4.03,CA,1614298651
416,Sisimiut,66.9395,-53.6735,15.82,80,41,5.1,GL,1614298729
417,Nicoya,10.1483,-85.452,82.4,51,0,20.71,CR,1614298730
418,Sidhi,24.4167,81.8833,65.03,26,0,6.6,IN,1614298731
419,Buala,-8.145,159.5921,80.51,85,99,14.56,SB,1614298733
420,Mvuma,-19.2792,30.5283,62.53,94,15,4.54,ZW,1614298734
421,Papara,-3.9839,-38.7273,82.4,78,40,9.22,BR,1614298735
422,Saint-Pierre,-21.3393,55.4781,78.8,65,90,6.91,RE,1614298736
423,Broken Hill,-31.95,141.4333,68.0,49,0,12.66,AU,1614298738
424,Vilhena,-12.7406,-60.1458,75.2,100,75,6.91,BR,1614298739
425,Nhulunbuy,-12.2333,136.7667,86.0,74,75,6.91,AU,1614298740
426,Aksha,50.2814,113.2867,4.46,93,100,2.8,RU,1614298742
427,Margate,51.3813,1.3862,45.0,73,77,3.0,GB,1614298517
428,Kharp,66.8014,65.8081,-3.82,90,36,4.0,RU,1614298744
429,Isla Mujeres,21.2311,-86.731,80.01,73,75,9.22,MX,1614298745
430,Jiménez,28.3333,-105.4,84.2,8,20,23.02,MX,1614298747
431,Sørland,67.667,12.6934,40.62,86,98,15.48,NO,1614298748
432,Sidi Ali,36.0998,0.4206,54.19,71,54,8.52,DZ,1614298749
433,Itajubá,-22.4256,-45.4528,68.0,91,88,1.21,BR,1614298751
434,Mildura,-34.2,142.15,66.99,55,75,9.22,AU,1614298752
435,Beringovskiy,63.05,179.3167,-17.07,86,87,14.2,RU,1614298753
436,Riberalta,-10.9833,-66.1,84.2,74,52,2.19,BO,1614298755
437,Fuengirola,36.54,-4.6247,59.0,82,75,4.61,ES,1614298756
438,Sola,-13.8833,167.55,87.8,74,75,5.75,VU,1614298757
439,Sri Aman,1.2376,111.4621,73.4,94,40,0.36,MY,1614298759
440,Preobrazheniye,42.9019,133.9064,15.85,81,31,7.02,RU,1614298760
441,Nilópolis,-22.8075,-43.4139,79.0,83,75,4.61,BR,1614298502
442,Bourail,-21.5667,165.4833,83.95,64,15,3.33,NC,1614298763
443,Qaqortoq,60.7167,-46.0333,39.2,30,90,12.66,GL,1614298764
444,Port Macquarie,-31.4333,152.9167,88.0,53,13,3.27,AU,1614298765
445,Pochutla,15.7432,-96.4661,82.0,65,40,5.08,MX,1614298767
446,Eenhana,-17.4667,16.3333,71.24,71,100,5.39,NA,1614298768
447,Naze,28.3667,129.4833,69.8,88,75,21.85,JP,1614298769
448,Airai,-8.9266,125.4092,67.89,89,63,2.26,TL,1614298770
449,Touros,-5.1989,-35.4608,82.4,78,40,9.22,BR,1614298772
450,Porto-Novo,6.4965,2.6036,82.4,78,20,5.75,BJ,1614298773
451,Sabang,5.8933,95.3214,80.56,67,99,6.29,ID,1614298774
452,Berezovyy,51.6667,135.7,10.13,92,100,0.81,RU,1614298776
453,Butte,39.6499,-121.5677,66.2,18,1,3.44,US,1614298777
454,Conde,-7.2597,-34.9075,78.8,89,75,4.61,BR,1614298778
455,São Paulo de Olivença,-3.3783,-68.8725,75.76,95,85,2.26,BR,1614298779
456,Vikramasingapuram,8.714,77.3893,80.6,89,20,2.3,IN,1614298781
457,São Félix do Xingu,-6.6447,-51.995,72.5,90,94,0.87,BR,1614298782
458,Barabash,43.2,131.4833,17.6,53,100,11.18,RU,1614298784
459,Walvis Bay,-22.9575,14.5053,63.0,92,72,8.99,NA,1614298785
460,Correntina,-13.3433,-44.6367,72.18,87,75,3.27,BR,1614298787
461,Rwamagana,-1.9487,30.4347,62.01,100,0,4.0,RW,1614298788
462,Cururupu,-1.8283,-44.8683,75.25,94,99,3.87,BR,1614298789
463,Coquimbo,-29.9533,-71.3436,62.6,82,75,11.5,CL,1614298790
464,Kwang Binh,17.4833,106.6,71.78,82,35,1.01,VN,1614298791
465,Ixtapa,20.7,-105.2,75.2,78,75,5.75,MX,1614298696
466,Kīhei,20.785,-156.4656,84.2,39,40,32.21,US,1614298497
467,Spearfish,44.4908,-103.8594,39.99,24,1,24.16,US,1614298795
468,Port Hueneme,34.1478,-119.1951,69.8,34,1,14.97,US,1614298796
469,Ikryanoye,46.0932,47.7308,24.8,86,90,15.66,RU,1614298798
470,Antsohihy,-14.8796,47.9875,73.58,92,99,0.65,MG,1614298799
471,Gazojak,41.1875,61.4036,16.36,70,22,2.33,TM,1614298800
472,Yangjiang,21.85,111.9667,70.43,89,99,4.47,CN,1614298802
473,Flin Flon,54.7682,-101.865,26.6,68,90,2.3,CA,1614298571
474,Alenquer,-1.9417,-54.7383,77.0,94,75,8.05,BR,1614298804
475,Celestún,20.8667,-90.4,78.67,70,0,21.14,MX,1614298806
476,Aztec,36.8222,-107.9929,48.2,25,1,18.41,US,1614298807
477,Stephenville,32.2207,-98.2023,48.99,57,90,4.61,US,1614298808
478,Emerald,-23.5333,148.1667,82.4,65,40,9.22,AU,1614298809
479,San-Pédro,4.7485,-6.6363,78.28,87,100,6.73,CI,1614298646
480,Marsá Maţrūḩ,31.3525,27.2453,59.0,72,40,9.22,EG,1614298812
481,Tsaratanana,-16.7833,47.65,71.87,80,93,4.36,MG,1614298813
482,Port-Cartier,50.0334,-66.8654,10.0,47,1,13.8,CA,1614298815
483,Troitsko-Pechorsk,62.7084,56.1964,-11.7,89,100,5.37,RU,1614298755
484,Champerico,14.3,-91.9167,86.0,62,20,4.61,GT,1614298817
485,Anuradhapura,8.3565,80.4173,69.15,96,22,4.16,LK,1614298819
486,Staunton,38.1496,-79.0717,44.6,39,1,0.4,US,1614298820
487,Broome,42.2506,-75.833,28.4,59,1,8.05,US,1614298821
488,Shubarshi,48.5872,57.1869,-4.56,94,100,9.6,KZ,1614298822
489,Ciudad Bolivar,8.1222,-63.5497,80.53,66,77,16.04,VE,1614298824
490,Nibbar,36.2941,8.7666,39.2,93,10,4.61,TN,1614298825
491,Nang Rong,14.6377,102.7914,78.01,100,26,6.91,TH,1614298826
492,Jayuya,18.2186,-66.5916,77.0,78,68,1.01,PR,1614298828
493,Mnogovershinnyy,53.9353,139.9242,-1.79,89,100,2.98,RU,1614298829
494,Eureka,40.8021,-124.1637,53.01,81,11,8.01,US,1614298706
495,Mayo,38.8876,-76.5119,44.6,56,1,5.12,US,1614298831
496,Forsytheganj,52.6333,29.7333,38.3,97,88,10.83,BY,1614298833
497,Marsh Harbour,26.5412,-77.0636,74.95,80,64,5.21,BS,1614298834
498,Filingué,14.3521,3.3168,68.5,21,0,4.74,NE,1614298835
499,Zhadovka,53.5746,46.9498,10.51,95,99,3.27,RU,1614298837
500,Natal,-5.795,-35.2094,82.4,78,75,8.05,BR,1614298838
501,Sibolga,1.7427,98.7792,75.96,80,80,3.0,ID,1614298839
502,Veselynove,47.3567,31.2349,39.67,95,100,6.42,UA,1614298840
503,Anloga,5.7947,0.8973,84.2,65,20,9.22,GH,1614298842
504,Cap Malheureux,-19.9842,57.6142,78.01,76,2,3.0,MU,1614298843
505,Riyadh,24.6877,46.7219,51.8,50,0,3.44,SA,1614298678
506,Villazón,-22.0866,-65.5942,55.71,65,67,13.53,BO,1614298846
507,Tabursuq,36.4569,9.2475,39.2,93,1,4.61,TN,1614298847
508,Cayhagan,9.6697,122.4256,79.93,73,28,4.92,PH,1614298848
509,Aljezur,37.3191,-8.8033,53.53,93,100,6.35,PT,1614298850
510,Moerai,-22.4333,-151.3333,81.3,83,70,19.04,PF,1614298851
511,At-Bashi,41.1702,75.8106,-2.85,80,99,0.43,KG,1614298852
512,Miranda,3.2499,-76.2281,78.8,69,75,10.36,CO,1614298854
513,Terrace,54.5163,-128.6035,37.4,87,75,5.75,CA,1614298692
514,Vao,-22.6667,167.4833,78.48,80,11,18.28,NC,1614298856
515,Fuerte Olimpo,-21.0415,-57.8738,81.03,69,55,5.08,PY,1614298857
516,Hirado,33.3597,129.5531,48.2,93,75,13.8,JP,1614298859
517,Ouahigouya,13.5828,-2.4216,70.47,20,0,12.73,BF,1614298860
518,Pitimbu,-7.4706,-34.8086,78.8,89,75,4.61,BR,1614298861
519,Rio Claro,-22.4114,-47.5614,75.2,88,40,3.44,BR,1614298862
520,Aksu,41.1231,80.2644,35.1,81,100,2.59,CN,1614298864
521,Santa Isabel,-23.3156,-46.2214,66.99,100,82,2.3,BR,1614298865
522,Beyneu,45.3167,55.2,14.9,88,100,10.58,KZ,1614298866
523,Hāveri,14.8,75.4,70.92,68,11,3.2,IN,1614298868
524,Dillon,34.4166,-79.3712,60.8,51,40,5.75,US,1614298869
525,Shwebo,22.5667,95.7,66.45,39,4,2.98,MM,1614298870
526,Huarmey,-10.0681,-78.1522,73.33,67,69,5.41,PE,1614298872
527,Vila,42.0304,-8.1588,46.0,92,57,5.99,PT,1614298714
528,Niigata,37.9022,139.0236,41.0,56,75,9.22,JP,1614298874
529,Jingdezhen,29.2947,117.2079,48.99,91,100,5.03,CN,1614298876
530,Ørje,59.4802,11.6602,37.0,93,44,1.01,NO,1614298877
531,Nsanje,-16.92,35.262,73.36,95,9,2.06,MW,1614298858
532,The Valley,18.217,-63.0578,78.8,73,40,11.5,AI,1614298880
533,Oistins,13.0667,-59.5333,77.0,69,40,16.11,BB,1614298881
534,Murgab,37.4966,61.9714,17.6,73,1,9.22,TM,1614298882
535,Tocopilla,-22.092,-70.1979,68.22,57,8,0.27,CL,1614298884
536,Ouadda,8.0777,22.4007,67.95,20,24,5.95,CF,1614298885
537,Miles City,46.4083,-105.8406,39.2,45,75,11.5,US,1614298886
538,Abhar,36.1468,49.218,25.88,93,94,2.26,IR,1614298888
539,Salinas,36.6777,-121.6555,62.6,45,1,14.97,US,1614298821
540,Belaya Gora,68.5333,146.4167,-25.2,86,88,2.08,RU,1614298890
541,Wanning,18.8003,110.3967,70.52,92,78,5.86,CN,1614298891
542,Gamba,-2.65,10.0,76.75,84,100,1.43,GA,1614298893
543,Tricase,39.9304,18.3553,53.6,100,75,5.75,IT,1614298894
544,Angostura,25.3667,-108.1833,91.81,11,34,13.2,MX,1614298895
545,Iqaluit,63.7506,-68.5145,-14.01,69,75,24.16,CA,1614298896
546,Örnsköldsvik,63.2909,18.7153,30.2,100,20,5.75,SE,1614298750
547,Tilichiki,60.4667,166.1,-10.97,91,100,12.53,RU,1614298840
548,Kanigoro,-8.13,112.219,77.22,80,92,6.26,ID,1614298900
549,Worthington,40.0931,-83.018,37.0,64,1,4.61,US,1614298901
550,Ulverstone,-41.15,146.1667,66.0,52,4,3.0,AU,1614298903
551,Fougamou,-1.2154,10.5838,73.22,94,100,1.57,GA,1614298904
552,Okha,53.5739,142.9478,-0.72,91,100,12.1,RU,1614298812
